{"name": "test", "rules": [{"rule_type": 1, "criterion": 6, "threshold": 0.8420970316983304}, {"rule_type": 1, "criterion": 1, "threshold": 0.6102101342715021}, {"rule_type": 2, "criterion": 1}, {"rule_type": 3, "criterion": 6, "threshold": 0.37560043986891006}]}